
/*1 - */ SELECT * FROM LY_TIPO_QUESTIONARIO
/*2 - */ SELECT * FROM LY_TIPO_QUESTAO
/*3 - */ SELECT * FROM LY_CONCEITOS_QUEST
/*4 - */ SELECT * FROM LY_ASPECTO
/*5 - */ SELECT * FROM LY_QUESTIONARIO
/*6 - */ SELECT * FROM LY_QUESTAO
/*7 - */ SELECT * FROM LY_FILTRO_PUB_ALVO
/*8 - */ SELECT * FROM LY_FILTRO_APLIC_QUEST
/*9 - */ SELECT * FROM LY_APLIC_QUESTIONARIO 


--INSERCAO DOS MODELOS DE FORMULARIOS

INSERT INTO LY_TIPO_QUESTIONARIO (TIPO_QUESTIONARIO, DESCRICAO) VALUES (	'FORM_AVAL_DIS_2018','Modelo 2 de Formulário de Avaliação de Disciplinas'	)
INSERT INTO LY_TIPO_QUESTIONARIO (TIPO_QUESTIONARIO, DESCRICAO) VALUES (	'FORM_AVAL_DISCIPLINA','Modelo 1 de Formulário de Avaliação de Disciplinas'	)
INSERT INTO LY_TIPO_QUESTIONARIO (TIPO_QUESTIONARIO, DESCRICAO) VALUES (	'FORM_AVAL_DOC_2018','Modelo 2 de Formulário de Avaliação de Docentes'	)
INSERT INTO LY_TIPO_QUESTIONARIO (TIPO_QUESTIONARIO, DESCRICAO) VALUES (	'FORM_AVAL_DOCENTE','Modelo 1 de Formulário de Avaliação de Docentes'	)
INSERT INTO LY_TIPO_QUESTIONARIO (TIPO_QUESTIONARIO, DESCRICAO) VALUES (	'FORM_AVAL_INFRA_2018','Modelo 2 de Avaliação de Infra-Estrutura'	)


--INSERCAO DAS QUESTOES

INSERT INTO LY_TIPO_QUESTAO (TIPO, DESCRICAO, TIPO_AVALIACAO) VALUES (	'FAMD1_Comentarios','Se desejar fazer comentários, preencha o campo abaixo:','Subjective'	)
INSERT INTO LY_TIPO_QUESTAO (TIPO, DESCRICAO, TIPO_AVALIACAO) VALUES (	'FAMD1_DISC_01','O conteúdo do programa é adequado.','OptionButton'	)
INSERT INTO LY_TIPO_QUESTAO (TIPO, DESCRICAO, TIPO_AVALIACAO) VALUES (	'FAMD1_DISC_02','Houve bom balanceamento entre teoria e prática.','OptionButton'	)
INSERT INTO LY_TIPO_QUESTAO (TIPO, DESCRICAO, TIPO_AVALIACAO) VALUES (	'FAMD1_DISC_03','O tempo disponível foi suficiente para atender aos objetivos e ao conteúdo do programa.','OptionButton'	)
INSERT INTO LY_TIPO_QUESTAO (TIPO, DESCRICAO, TIPO_AVALIACAO) VALUES (	'FAMD1_DISC_04','O material de leitura e a bibliografia são adequados.','OptionButton'	)
INSERT INTO LY_TIPO_QUESTAO (TIPO, DESCRICAO, TIPO_AVALIACAO) VALUES (	'FAMD1_DISC_05','Os exercícios e trabalhos são adequados.','OptionButton'	)
INSERT INTO LY_TIPO_QUESTAO (TIPO, DESCRICAO, TIPO_AVALIACAO) VALUES (	'FAMD1_DISC_06','Novos conhecimentos foram adquiridos durante as sessões.','OptionButton'	)
INSERT INTO LY_TIPO_QUESTAO (TIPO, DESCRICAO, TIPO_AVALIACAO) VALUES (	'FAMD1_DISC_07','Os conhecimentos adquiridos poderão ser aplicados.','OptionButton'	)
INSERT INTO LY_TIPO_QUESTAO (TIPO, DESCRICAO, TIPO_AVALIACAO) VALUES (	'FAMD1_DOC_01','Demonstrou ter preparado e organizado as sessões.','OptionButton'	)
INSERT INTO LY_TIPO_QUESTAO (TIPO, DESCRICAO, TIPO_AVALIACAO) VALUES (	'FAMD1_DOC_02','Demonstrou ter conhecimento dos assuntos tratados.','OptionButton'	)
INSERT INTO LY_TIPO_QUESTAO (TIPO, DESCRICAO, TIPO_AVALIACAO) VALUES (	'FAMD1_DOC_03','Utilizou métodos didáticos adequados.','OptionButton'	)
INSERT INTO LY_TIPO_QUESTAO (TIPO, DESCRICAO, TIPO_AVALIACAO) VALUES (	'FAMD1_DOC_04','Preocupou-se, na medida do possível, em mostrar as aplicações práticas dos assuntos tratados.','OptionButton'	)
INSERT INTO LY_TIPO_QUESTAO (TIPO, DESCRICAO, TIPO_AVALIACAO) VALUES (	'FAMD1_DOC_05','Tem grande facilidade de comunicação, sendo objetivo.','OptionButton'	)
INSERT INTO LY_TIPO_QUESTAO (TIPO, DESCRICAO, TIPO_AVALIACAO) VALUES (	'FAMD1_DOC_06','Motivou e permitiu a participação e o esclarecimento de dúvidas.','OptionButton'	)
INSERT INTO LY_TIPO_QUESTAO (TIPO, DESCRICAO, TIPO_AVALIACAO) VALUES (	'FAMD1_DOC_07','Interessou-se em saber se os participantes estavam assimilando os assuntos tratados.','OptionButton'	)
INSERT INTO LY_TIPO_QUESTAO (TIPO, DESCRICAO, TIPO_AVALIACAO) VALUES (	'FAMD1_DOC_08','Cumpriu os horários previstos.','OptionButton'	)
INSERT INTO LY_TIPO_QUESTAO (TIPO, DESCRICAO, TIPO_AVALIACAO) VALUES (	'FAMD2_Comentarios','Sua contribuição é muito importante. O que você sugere para melhoria desse processo?','Subjective'	)
INSERT INTO LY_TIPO_QUESTAO (TIPO, DESCRICAO, TIPO_AVALIACAO) VALUES (	'FAMD2_DISC_01','Os temas foram abordados de maneira clara e organizada? (0 = Péssimo e 10 = Excelente)','OptionButton'	)
INSERT INTO LY_TIPO_QUESTAO (TIPO, DESCRICAO, TIPO_AVALIACAO) VALUES (	'FAMD2_DISC_02','O material apresentado auxiliou no processo de aprendizagem? (0 = Péssimo e 10 = Excelente)','OptionButton'	)
INSERT INTO LY_TIPO_QUESTAO (TIPO, DESCRICAO, TIPO_AVALIACAO) VALUES (	'FAMD2_DISC_03','O programa da disciplina foi cumprido adequadamente? (0 = Péssimo e 10 = Excelente)','OptionButton'	)
INSERT INTO LY_TIPO_QUESTAO (TIPO, DESCRICAO, TIPO_AVALIACAO) VALUES (	'FAMD2_DOC_01','O professor demonstrou domínio do tema Apresentado? (0 = Péssimo e 10 = Excelente)','OptionButton'	)
INSERT INTO LY_TIPO_QUESTAO (TIPO, DESCRICAO, TIPO_AVALIACAO) VALUES (	'FAMD2_DOC_02','O professor interagiu com a turma de maneira adequada? (0 = Péssimo e 10 = Excelente)','OptionButton'	)
INSERT INTO LY_TIPO_QUESTAO (TIPO, DESCRICAO, TIPO_AVALIACAO) VALUES (	'FAMD2_DOC_03','Houve articulação entre teoria e prática? (0 = Péssimo e 10 = Excelente)','OptionButton'	)
INSERT INTO LY_TIPO_QUESTAO (TIPO, DESCRICAO, TIPO_AVALIACAO) VALUES (	'FAMD2_INFRA_01','Os equipamentos da sala atenderam às necessidades das aulas? (0 = Péssimo e 10 = Excelente)','OptionButton'	)
INSERT INTO LY_TIPO_QUESTAO (TIPO, DESCRICAO, TIPO_AVALIACAO) VALUES (	'FAMD2_INFRA_02','As condições ambientais foram adequadas às atividades desempenhadas? (0 = Péssimo e 10 = Excelente)','OptionButton'	)
INSERT INTO LY_TIPO_QUESTAO (TIPO, DESCRICAO, TIPO_AVALIACAO) VALUES (	'FAMD2_INFRA_03','O controle administrativo-operacional atendeu às expectativas?(0 = Péssimo e 10 = Excelente)','OptionButton'	)



--INSERCAO DOS CONCEITOS DAS QUESTOES OBJETIVAS

--MODELO 1

INSERT INTO LY_CONCEITOS_QUEST (TIPO,CONCEITO, DESCRICAO, VALOR) VALUES (	'FAMD1_DISC_01',1,'Excelente','1'	)
INSERT INTO LY_CONCEITOS_QUEST (TIPO,CONCEITO, DESCRICAO, VALOR) VALUES (	'FAMD1_DISC_01',2,'Bom','2'	)
INSERT INTO LY_CONCEITOS_QUEST (TIPO,CONCEITO, DESCRICAO, VALOR) VALUES (	'FAMD1_DISC_01',3,'Regular','3'	)
INSERT INTO LY_CONCEITOS_QUEST (TIPO,CONCEITO, DESCRICAO, VALOR) VALUES (	'FAMD1_DISC_01',4,'Ruim','4'	)
INSERT INTO LY_CONCEITOS_QUEST (TIPO,CONCEITO, DESCRICAO, VALOR) VALUES (	'FAMD1_DISC_01',5,'Péssimo','5'	)
INSERT INTO LY_CONCEITOS_QUEST (TIPO,CONCEITO, DESCRICAO, VALOR) VALUES (	'FAMD1_DISC_02',1,'Excelente','1'	)
INSERT INTO LY_CONCEITOS_QUEST (TIPO,CONCEITO, DESCRICAO, VALOR) VALUES (	'FAMD1_DISC_02',2,'Bom','2'	)
INSERT INTO LY_CONCEITOS_QUEST (TIPO,CONCEITO, DESCRICAO, VALOR) VALUES (	'FAMD1_DISC_02',3,'Regular','3'	)
INSERT INTO LY_CONCEITOS_QUEST (TIPO,CONCEITO, DESCRICAO, VALOR) VALUES (	'FAMD1_DISC_02',4,'Ruim','4'	)
INSERT INTO LY_CONCEITOS_QUEST (TIPO,CONCEITO, DESCRICAO, VALOR) VALUES (	'FAMD1_DISC_02',5,'Péssimo','5'	)
INSERT INTO LY_CONCEITOS_QUEST (TIPO,CONCEITO, DESCRICAO, VALOR) VALUES (	'FAMD1_DISC_03',1,'Excelente','1'	)
INSERT INTO LY_CONCEITOS_QUEST (TIPO,CONCEITO, DESCRICAO, VALOR) VALUES (	'FAMD1_DISC_03',2,'Bom','2'	)
INSERT INTO LY_CONCEITOS_QUEST (TIPO,CONCEITO, DESCRICAO, VALOR) VALUES (	'FAMD1_DISC_03',3,'Regular','3'	)
INSERT INTO LY_CONCEITOS_QUEST (TIPO,CONCEITO, DESCRICAO, VALOR) VALUES (	'FAMD1_DISC_03',4,'Ruim','4'	)
INSERT INTO LY_CONCEITOS_QUEST (TIPO,CONCEITO, DESCRICAO, VALOR) VALUES (	'FAMD1_DISC_03',5,'Péssimo','5'	)
INSERT INTO LY_CONCEITOS_QUEST (TIPO,CONCEITO, DESCRICAO, VALOR) VALUES (	'FAMD1_DISC_04',1,'Excelente','1'	)
INSERT INTO LY_CONCEITOS_QUEST (TIPO,CONCEITO, DESCRICAO, VALOR) VALUES (	'FAMD1_DISC_04',2,'Bom','2'	)
INSERT INTO LY_CONCEITOS_QUEST (TIPO,CONCEITO, DESCRICAO, VALOR) VALUES (	'FAMD1_DISC_04',3,'Regular','3'	)
INSERT INTO LY_CONCEITOS_QUEST (TIPO,CONCEITO, DESCRICAO, VALOR) VALUES (	'FAMD1_DISC_04',4,'Ruim','4'	)
INSERT INTO LY_CONCEITOS_QUEST (TIPO,CONCEITO, DESCRICAO, VALOR) VALUES (	'FAMD1_DISC_04',5,'Péssimo','5'	)
INSERT INTO LY_CONCEITOS_QUEST (TIPO,CONCEITO, DESCRICAO, VALOR) VALUES (	'FAMD1_DISC_05',1,'Excelente','1'	)
INSERT INTO LY_CONCEITOS_QUEST (TIPO,CONCEITO, DESCRICAO, VALOR) VALUES (	'FAMD1_DISC_05',2,'Bom','2'	)
INSERT INTO LY_CONCEITOS_QUEST (TIPO,CONCEITO, DESCRICAO, VALOR) VALUES (	'FAMD1_DISC_05',3,'Regular','3'	)
INSERT INTO LY_CONCEITOS_QUEST (TIPO,CONCEITO, DESCRICAO, VALOR) VALUES (	'FAMD1_DISC_05',4,'Ruim','4'	)
INSERT INTO LY_CONCEITOS_QUEST (TIPO,CONCEITO, DESCRICAO, VALOR) VALUES (	'FAMD1_DISC_05',5,'Péssimo','5'	)
INSERT INTO LY_CONCEITOS_QUEST (TIPO,CONCEITO, DESCRICAO, VALOR) VALUES (	'FAMD1_DISC_06',1,'Excelente','1'	)
INSERT INTO LY_CONCEITOS_QUEST (TIPO,CONCEITO, DESCRICAO, VALOR) VALUES (	'FAMD1_DISC_06',2,'Bom','2'	)
INSERT INTO LY_CONCEITOS_QUEST (TIPO,CONCEITO, DESCRICAO, VALOR) VALUES (	'FAMD1_DISC_06',3,'Regular','3'	)
INSERT INTO LY_CONCEITOS_QUEST (TIPO,CONCEITO, DESCRICAO, VALOR) VALUES (	'FAMD1_DISC_06',4,'Ruim','4'	)
INSERT INTO LY_CONCEITOS_QUEST (TIPO,CONCEITO, DESCRICAO, VALOR) VALUES (	'FAMD1_DISC_06',5,'Péssimo','5'	)
INSERT INTO LY_CONCEITOS_QUEST (TIPO,CONCEITO, DESCRICAO, VALOR) VALUES (	'FAMD1_DISC_07',1,'Excelente','1'	)
INSERT INTO LY_CONCEITOS_QUEST (TIPO,CONCEITO, DESCRICAO, VALOR) VALUES (	'FAMD1_DISC_07',2,'Bom','2'	)
INSERT INTO LY_CONCEITOS_QUEST (TIPO,CONCEITO, DESCRICAO, VALOR) VALUES (	'FAMD1_DISC_07',3,'Regular','3'	)
INSERT INTO LY_CONCEITOS_QUEST (TIPO,CONCEITO, DESCRICAO, VALOR) VALUES (	'FAMD1_DISC_07',4,'Ruim','4'	)
INSERT INTO LY_CONCEITOS_QUEST (TIPO,CONCEITO, DESCRICAO, VALOR) VALUES (	'FAMD1_DISC_07',5,'Péssimo','5'	)
INSERT INTO LY_CONCEITOS_QUEST (TIPO,CONCEITO, DESCRICAO, VALOR) VALUES (	'FAMD1_DOC_01',1,'Excelente','1'	)
INSERT INTO LY_CONCEITOS_QUEST (TIPO,CONCEITO, DESCRICAO, VALOR) VALUES (	'FAMD1_DOC_01',2,'Bom','2'	)
INSERT INTO LY_CONCEITOS_QUEST (TIPO,CONCEITO, DESCRICAO, VALOR) VALUES (	'FAMD1_DOC_01',3,'Regular','3'	)
INSERT INTO LY_CONCEITOS_QUEST (TIPO,CONCEITO, DESCRICAO, VALOR) VALUES (	'FAMD1_DOC_01',4,'Ruim','4'	)
INSERT INTO LY_CONCEITOS_QUEST (TIPO,CONCEITO, DESCRICAO, VALOR) VALUES (	'FAMD1_DOC_01',5,'Péssimo','5'	)
INSERT INTO LY_CONCEITOS_QUEST (TIPO,CONCEITO, DESCRICAO, VALOR) VALUES (	'FAMD1_DOC_02',1,'Excelente','1'	)
INSERT INTO LY_CONCEITOS_QUEST (TIPO,CONCEITO, DESCRICAO, VALOR) VALUES (	'FAMD1_DOC_02',2,'Bom','2'	)
INSERT INTO LY_CONCEITOS_QUEST (TIPO,CONCEITO, DESCRICAO, VALOR) VALUES (	'FAMD1_DOC_02',3,'Regular','3'	)
INSERT INTO LY_CONCEITOS_QUEST (TIPO,CONCEITO, DESCRICAO, VALOR) VALUES (	'FAMD1_DOC_02',4,'Ruim','4'	)
INSERT INTO LY_CONCEITOS_QUEST (TIPO,CONCEITO, DESCRICAO, VALOR) VALUES (	'FAMD1_DOC_02',5,'Péssimo','5'	)
INSERT INTO LY_CONCEITOS_QUEST (TIPO,CONCEITO, DESCRICAO, VALOR) VALUES (	'FAMD1_DOC_03',1,'Excelente','1'	)
INSERT INTO LY_CONCEITOS_QUEST (TIPO,CONCEITO, DESCRICAO, VALOR) VALUES (	'FAMD1_DOC_03',2,'Bom','2'	)
INSERT INTO LY_CONCEITOS_QUEST (TIPO,CONCEITO, DESCRICAO, VALOR) VALUES (	'FAMD1_DOC_03',3,'Regular','3'	)
INSERT INTO LY_CONCEITOS_QUEST (TIPO,CONCEITO, DESCRICAO, VALOR) VALUES (	'FAMD1_DOC_03',4,'Ruim','4'	)
INSERT INTO LY_CONCEITOS_QUEST (TIPO,CONCEITO, DESCRICAO, VALOR) VALUES (	'FAMD1_DOC_03',5,'Péssimo','5'	)
INSERT INTO LY_CONCEITOS_QUEST (TIPO,CONCEITO, DESCRICAO, VALOR) VALUES (	'FAMD1_DOC_04',1,'Excelente','1'	)
INSERT INTO LY_CONCEITOS_QUEST (TIPO,CONCEITO, DESCRICAO, VALOR) VALUES (	'FAMD1_DOC_04',2,'Bom','2'	)
INSERT INTO LY_CONCEITOS_QUEST (TIPO,CONCEITO, DESCRICAO, VALOR) VALUES (	'FAMD1_DOC_04',3,'Regular','3'	)
INSERT INTO LY_CONCEITOS_QUEST (TIPO,CONCEITO, DESCRICAO, VALOR) VALUES (	'FAMD1_DOC_04',4,'Ruim','4'	)
INSERT INTO LY_CONCEITOS_QUEST (TIPO,CONCEITO, DESCRICAO, VALOR) VALUES (	'FAMD1_DOC_04',5,'Péssimo','5'	)
INSERT INTO LY_CONCEITOS_QUEST (TIPO,CONCEITO, DESCRICAO, VALOR) VALUES (	'FAMD1_DOC_05',1,'Excelente','1'	)
INSERT INTO LY_CONCEITOS_QUEST (TIPO,CONCEITO, DESCRICAO, VALOR) VALUES (	'FAMD1_DOC_05',2,'Bom','2'	)
INSERT INTO LY_CONCEITOS_QUEST (TIPO,CONCEITO, DESCRICAO, VALOR) VALUES (	'FAMD1_DOC_05',3,'Regular','3'	)
INSERT INTO LY_CONCEITOS_QUEST (TIPO,CONCEITO, DESCRICAO, VALOR) VALUES (	'FAMD1_DOC_05',4,'Ruim','4'	)
INSERT INTO LY_CONCEITOS_QUEST (TIPO,CONCEITO, DESCRICAO, VALOR) VALUES (	'FAMD1_DOC_05',5,'Péssimo','5'	)
INSERT INTO LY_CONCEITOS_QUEST (TIPO,CONCEITO, DESCRICAO, VALOR) VALUES (	'FAMD1_DOC_06',1,'Excelente','1'	)
INSERT INTO LY_CONCEITOS_QUEST (TIPO,CONCEITO, DESCRICAO, VALOR) VALUES (	'FAMD1_DOC_06',2,'Bom','2'	)
INSERT INTO LY_CONCEITOS_QUEST (TIPO,CONCEITO, DESCRICAO, VALOR) VALUES (	'FAMD1_DOC_06',3,'Regular','3'	)
INSERT INTO LY_CONCEITOS_QUEST (TIPO,CONCEITO, DESCRICAO, VALOR) VALUES (	'FAMD1_DOC_06',4,'Ruim','4'	)
INSERT INTO LY_CONCEITOS_QUEST (TIPO,CONCEITO, DESCRICAO, VALOR) VALUES (	'FAMD1_DOC_06',5,'Péssimo','5'	)
INSERT INTO LY_CONCEITOS_QUEST (TIPO,CONCEITO, DESCRICAO, VALOR) VALUES (	'FAMD1_DOC_07',1,'Excelente','1'	)
INSERT INTO LY_CONCEITOS_QUEST (TIPO,CONCEITO, DESCRICAO, VALOR) VALUES (	'FAMD1_DOC_07',2,'Bom','2'	)
INSERT INTO LY_CONCEITOS_QUEST (TIPO,CONCEITO, DESCRICAO, VALOR) VALUES (	'FAMD1_DOC_07',3,'Regular','3'	)
INSERT INTO LY_CONCEITOS_QUEST (TIPO,CONCEITO, DESCRICAO, VALOR) VALUES (	'FAMD1_DOC_07',4,'Ruim','4'	)
INSERT INTO LY_CONCEITOS_QUEST (TIPO,CONCEITO, DESCRICAO, VALOR) VALUES (	'FAMD1_DOC_07',5,'Péssimo','5'	)
INSERT INTO LY_CONCEITOS_QUEST (TIPO,CONCEITO, DESCRICAO, VALOR) VALUES (	'FAMD1_DOC_08',1,'Excelente','1'	)
INSERT INTO LY_CONCEITOS_QUEST (TIPO,CONCEITO, DESCRICAO, VALOR) VALUES (	'FAMD1_DOC_08',2,'Bom','2'	)
INSERT INTO LY_CONCEITOS_QUEST (TIPO,CONCEITO, DESCRICAO, VALOR) VALUES (	'FAMD1_DOC_08',3,'Regular','3'	)
INSERT INTO LY_CONCEITOS_QUEST (TIPO,CONCEITO, DESCRICAO, VALOR) VALUES (	'FAMD1_DOC_08',4,'Ruim','4'	)
INSERT INTO LY_CONCEITOS_QUEST (TIPO,CONCEITO, DESCRICAO, VALOR) VALUES (	'FAMD1_DOC_08',5,'Péssimo','5'	)

--MODELO 2

INSERT INTO LY_CONCEITOS_QUEST (TIPO,CONCEITO, DESCRICAO, VALOR) VALUES (	'FAMD2_DISC_01',1,'0','0'	)
INSERT INTO LY_CONCEITOS_QUEST (TIPO,CONCEITO, DESCRICAO, VALOR) VALUES (	'FAMD2_DISC_01',2,'1','1'	)
INSERT INTO LY_CONCEITOS_QUEST (TIPO,CONCEITO, DESCRICAO, VALOR) VALUES (	'FAMD2_DISC_01',3,'2','2'	)
INSERT INTO LY_CONCEITOS_QUEST (TIPO,CONCEITO, DESCRICAO, VALOR) VALUES (	'FAMD2_DISC_01',4,'3','3'	)
INSERT INTO LY_CONCEITOS_QUEST (TIPO,CONCEITO, DESCRICAO, VALOR) VALUES (	'FAMD2_DISC_01',5,'4','4'	)
INSERT INTO LY_CONCEITOS_QUEST (TIPO,CONCEITO, DESCRICAO, VALOR) VALUES (	'FAMD2_DISC_01',6,'5','5'	)
INSERT INTO LY_CONCEITOS_QUEST (TIPO,CONCEITO, DESCRICAO, VALOR) VALUES (	'FAMD2_DISC_01',7,'6','6'	)
INSERT INTO LY_CONCEITOS_QUEST (TIPO,CONCEITO, DESCRICAO, VALOR) VALUES (	'FAMD2_DISC_01',8,'7','7'	)
INSERT INTO LY_CONCEITOS_QUEST (TIPO,CONCEITO, DESCRICAO, VALOR) VALUES (	'FAMD2_DISC_01',9,'8','8'	)
INSERT INTO LY_CONCEITOS_QUEST (TIPO,CONCEITO, DESCRICAO, VALOR) VALUES (	'FAMD2_DISC_01',10,'9','9'	)
INSERT INTO LY_CONCEITOS_QUEST (TIPO,CONCEITO, DESCRICAO, VALOR) VALUES (	'FAMD2_DISC_01',11,'10','10'	)
INSERT INTO LY_CONCEITOS_QUEST (TIPO,CONCEITO, DESCRICAO, VALOR) VALUES (	'FAMD2_DISC_02',1,'0','0'	)
INSERT INTO LY_CONCEITOS_QUEST (TIPO,CONCEITO, DESCRICAO, VALOR) VALUES (	'FAMD2_DISC_02',2,'1','1'	)
INSERT INTO LY_CONCEITOS_QUEST (TIPO,CONCEITO, DESCRICAO, VALOR) VALUES (	'FAMD2_DISC_02',3,'2','2'	)
INSERT INTO LY_CONCEITOS_QUEST (TIPO,CONCEITO, DESCRICAO, VALOR) VALUES (	'FAMD2_DISC_02',4,'3','3'	)
INSERT INTO LY_CONCEITOS_QUEST (TIPO,CONCEITO, DESCRICAO, VALOR) VALUES (	'FAMD2_DISC_02',5,'4','4'	)
INSERT INTO LY_CONCEITOS_QUEST (TIPO,CONCEITO, DESCRICAO, VALOR) VALUES (	'FAMD2_DISC_02',6,'5','5'	)
INSERT INTO LY_CONCEITOS_QUEST (TIPO,CONCEITO, DESCRICAO, VALOR) VALUES (	'FAMD2_DISC_02',7,'6','6'	)
INSERT INTO LY_CONCEITOS_QUEST (TIPO,CONCEITO, DESCRICAO, VALOR) VALUES (	'FAMD2_DISC_02',8,'7','7'	)
INSERT INTO LY_CONCEITOS_QUEST (TIPO,CONCEITO, DESCRICAO, VALOR) VALUES (	'FAMD2_DISC_02',9,'8','8'	)
INSERT INTO LY_CONCEITOS_QUEST (TIPO,CONCEITO, DESCRICAO, VALOR) VALUES (	'FAMD2_DISC_02',10,'9','9'	)
INSERT INTO LY_CONCEITOS_QUEST (TIPO,CONCEITO, DESCRICAO, VALOR) VALUES (	'FAMD2_DISC_02',11,'10','10'	)
INSERT INTO LY_CONCEITOS_QUEST (TIPO,CONCEITO, DESCRICAO, VALOR) VALUES (	'FAMD2_DISC_03',1,'0','0'	)
INSERT INTO LY_CONCEITOS_QUEST (TIPO,CONCEITO, DESCRICAO, VALOR) VALUES (	'FAMD2_DISC_03',2,'1','1'	)
INSERT INTO LY_CONCEITOS_QUEST (TIPO,CONCEITO, DESCRICAO, VALOR) VALUES (	'FAMD2_DISC_03',3,'2','2'	)
INSERT INTO LY_CONCEITOS_QUEST (TIPO,CONCEITO, DESCRICAO, VALOR) VALUES (	'FAMD2_DISC_03',4,'3','3'	)
INSERT INTO LY_CONCEITOS_QUEST (TIPO,CONCEITO, DESCRICAO, VALOR) VALUES (	'FAMD2_DISC_03',5,'4','4'	)
INSERT INTO LY_CONCEITOS_QUEST (TIPO,CONCEITO, DESCRICAO, VALOR) VALUES (	'FAMD2_DISC_03',6,'5','5'	)
INSERT INTO LY_CONCEITOS_QUEST (TIPO,CONCEITO, DESCRICAO, VALOR) VALUES (	'FAMD2_DISC_03',7,'6','6'	)
INSERT INTO LY_CONCEITOS_QUEST (TIPO,CONCEITO, DESCRICAO, VALOR) VALUES (	'FAMD2_DISC_03',8,'7','7'	)
INSERT INTO LY_CONCEITOS_QUEST (TIPO,CONCEITO, DESCRICAO, VALOR) VALUES (	'FAMD2_DISC_03',9,'8','8'	)
INSERT INTO LY_CONCEITOS_QUEST (TIPO,CONCEITO, DESCRICAO, VALOR) VALUES (	'FAMD2_DISC_03',10,'9','9'	)
INSERT INTO LY_CONCEITOS_QUEST (TIPO,CONCEITO, DESCRICAO, VALOR) VALUES (	'FAMD2_DISC_03',11,'10','10'	)
INSERT INTO LY_CONCEITOS_QUEST (TIPO,CONCEITO, DESCRICAO, VALOR) VALUES (	'FAMD2_DOC_01',1,'0','0'	)
INSERT INTO LY_CONCEITOS_QUEST (TIPO,CONCEITO, DESCRICAO, VALOR) VALUES (	'FAMD2_DOC_01',2,'1','1'	)
INSERT INTO LY_CONCEITOS_QUEST (TIPO,CONCEITO, DESCRICAO, VALOR) VALUES (	'FAMD2_DOC_01',3,'2','2'	)
INSERT INTO LY_CONCEITOS_QUEST (TIPO,CONCEITO, DESCRICAO, VALOR) VALUES (	'FAMD2_DOC_01',4,'3','3'	)
INSERT INTO LY_CONCEITOS_QUEST (TIPO,CONCEITO, DESCRICAO, VALOR) VALUES (	'FAMD2_DOC_01',5,'4','4'	)
INSERT INTO LY_CONCEITOS_QUEST (TIPO,CONCEITO, DESCRICAO, VALOR) VALUES (	'FAMD2_DOC_01',6,'5','5'	)
INSERT INTO LY_CONCEITOS_QUEST (TIPO,CONCEITO, DESCRICAO, VALOR) VALUES (	'FAMD2_DOC_01',7,'6','6'	)
INSERT INTO LY_CONCEITOS_QUEST (TIPO,CONCEITO, DESCRICAO, VALOR) VALUES (	'FAMD2_DOC_01',8,'7','7'	)
INSERT INTO LY_CONCEITOS_QUEST (TIPO,CONCEITO, DESCRICAO, VALOR) VALUES (	'FAMD2_DOC_01',9,'8','8'	)
INSERT INTO LY_CONCEITOS_QUEST (TIPO,CONCEITO, DESCRICAO, VALOR) VALUES (	'FAMD2_DOC_01',10,'9','9'	)
INSERT INTO LY_CONCEITOS_QUEST (TIPO,CONCEITO, DESCRICAO, VALOR) VALUES (	'FAMD2_DOC_01',11,'10','10'	)
INSERT INTO LY_CONCEITOS_QUEST (TIPO,CONCEITO, DESCRICAO, VALOR) VALUES (	'FAMD2_DOC_02',1,'0','0'	)
INSERT INTO LY_CONCEITOS_QUEST (TIPO,CONCEITO, DESCRICAO, VALOR) VALUES (	'FAMD2_DOC_02',2,'1','1'	)
INSERT INTO LY_CONCEITOS_QUEST (TIPO,CONCEITO, DESCRICAO, VALOR) VALUES (	'FAMD2_DOC_02',3,'2','2'	)
INSERT INTO LY_CONCEITOS_QUEST (TIPO,CONCEITO, DESCRICAO, VALOR) VALUES (	'FAMD2_DOC_02',4,'3','3'	)
INSERT INTO LY_CONCEITOS_QUEST (TIPO,CONCEITO, DESCRICAO, VALOR) VALUES (	'FAMD2_DOC_02',5,'4','4'	)
INSERT INTO LY_CONCEITOS_QUEST (TIPO,CONCEITO, DESCRICAO, VALOR) VALUES (	'FAMD2_DOC_02',6,'5','5'	)
INSERT INTO LY_CONCEITOS_QUEST (TIPO,CONCEITO, DESCRICAO, VALOR) VALUES (	'FAMD2_DOC_02',7,'6','6'	)
INSERT INTO LY_CONCEITOS_QUEST (TIPO,CONCEITO, DESCRICAO, VALOR) VALUES (	'FAMD2_DOC_02',8,'7','7'	)
INSERT INTO LY_CONCEITOS_QUEST (TIPO,CONCEITO, DESCRICAO, VALOR) VALUES (	'FAMD2_DOC_02',9,'8','8'	)
INSERT INTO LY_CONCEITOS_QUEST (TIPO,CONCEITO, DESCRICAO, VALOR) VALUES (	'FAMD2_DOC_02',10,'9','9'	)
INSERT INTO LY_CONCEITOS_QUEST (TIPO,CONCEITO, DESCRICAO, VALOR) VALUES (	'FAMD2_DOC_02',11,'10','10'	)
INSERT INTO LY_CONCEITOS_QUEST (TIPO,CONCEITO, DESCRICAO, VALOR) VALUES (	'FAMD2_DOC_03',1,'0','0'	)
INSERT INTO LY_CONCEITOS_QUEST (TIPO,CONCEITO, DESCRICAO, VALOR) VALUES (	'FAMD2_DOC_03',2,'1','1'	)
INSERT INTO LY_CONCEITOS_QUEST (TIPO,CONCEITO, DESCRICAO, VALOR) VALUES (	'FAMD2_DOC_03',3,'2','2'	)
INSERT INTO LY_CONCEITOS_QUEST (TIPO,CONCEITO, DESCRICAO, VALOR) VALUES (	'FAMD2_DOC_03',4,'3','3'	)
INSERT INTO LY_CONCEITOS_QUEST (TIPO,CONCEITO, DESCRICAO, VALOR) VALUES (	'FAMD2_DOC_03',5,'4','4'	)
INSERT INTO LY_CONCEITOS_QUEST (TIPO,CONCEITO, DESCRICAO, VALOR) VALUES (	'FAMD2_DOC_03',6,'5','5'	)
INSERT INTO LY_CONCEITOS_QUEST (TIPO,CONCEITO, DESCRICAO, VALOR) VALUES (	'FAMD2_DOC_03',7,'6','6'	)
INSERT INTO LY_CONCEITOS_QUEST (TIPO,CONCEITO, DESCRICAO, VALOR) VALUES (	'FAMD2_DOC_03',8,'7','7'	)
INSERT INTO LY_CONCEITOS_QUEST (TIPO,CONCEITO, DESCRICAO, VALOR) VALUES (	'FAMD2_DOC_03',9,'8','8'	)
INSERT INTO LY_CONCEITOS_QUEST (TIPO,CONCEITO, DESCRICAO, VALOR) VALUES (	'FAMD2_DOC_03',10,'9','9'	)
INSERT INTO LY_CONCEITOS_QUEST (TIPO,CONCEITO, DESCRICAO, VALOR) VALUES (	'FAMD2_DOC_03',11,'10','10'	)
INSERT INTO LY_CONCEITOS_QUEST (TIPO,CONCEITO, DESCRICAO, VALOR) VALUES (	'FAMD2_INFRA_01',1,'0','0'	)
INSERT INTO LY_CONCEITOS_QUEST (TIPO,CONCEITO, DESCRICAO, VALOR) VALUES (	'FAMD2_INFRA_01',2,'1','1'	)
INSERT INTO LY_CONCEITOS_QUEST (TIPO,CONCEITO, DESCRICAO, VALOR) VALUES (	'FAMD2_INFRA_01',3,'2','2'	)
INSERT INTO LY_CONCEITOS_QUEST (TIPO,CONCEITO, DESCRICAO, VALOR) VALUES (	'FAMD2_INFRA_01',4,'3','3'	)
INSERT INTO LY_CONCEITOS_QUEST (TIPO,CONCEITO, DESCRICAO, VALOR) VALUES (	'FAMD2_INFRA_01',5,'4','4'	)
INSERT INTO LY_CONCEITOS_QUEST (TIPO,CONCEITO, DESCRICAO, VALOR) VALUES (	'FAMD2_INFRA_01',6,'5','5'	)
INSERT INTO LY_CONCEITOS_QUEST (TIPO,CONCEITO, DESCRICAO, VALOR) VALUES (	'FAMD2_INFRA_01',7,'6','6'	)
INSERT INTO LY_CONCEITOS_QUEST (TIPO,CONCEITO, DESCRICAO, VALOR) VALUES (	'FAMD2_INFRA_01',8,'7','7'	)
INSERT INTO LY_CONCEITOS_QUEST (TIPO,CONCEITO, DESCRICAO, VALOR) VALUES (	'FAMD2_INFRA_01',9,'8','8'	)
INSERT INTO LY_CONCEITOS_QUEST (TIPO,CONCEITO, DESCRICAO, VALOR) VALUES (	'FAMD2_INFRA_01',10,'9','9'	)
INSERT INTO LY_CONCEITOS_QUEST (TIPO,CONCEITO, DESCRICAO, VALOR) VALUES (	'FAMD2_INFRA_01',11,'10','10'	)
INSERT INTO LY_CONCEITOS_QUEST (TIPO,CONCEITO, DESCRICAO, VALOR) VALUES (	'FAMD2_INFRA_02',1,'0','0'	)
INSERT INTO LY_CONCEITOS_QUEST (TIPO,CONCEITO, DESCRICAO, VALOR) VALUES (	'FAMD2_INFRA_02',2,'1','1'	)
INSERT INTO LY_CONCEITOS_QUEST (TIPO,CONCEITO, DESCRICAO, VALOR) VALUES (	'FAMD2_INFRA_02',3,'2','3'	)
INSERT INTO LY_CONCEITOS_QUEST (TIPO,CONCEITO, DESCRICAO, VALOR) VALUES (	'FAMD2_INFRA_02',4,'3','3'	)
INSERT INTO LY_CONCEITOS_QUEST (TIPO,CONCEITO, DESCRICAO, VALOR) VALUES (	'FAMD2_INFRA_02',5,'4','4'	)
INSERT INTO LY_CONCEITOS_QUEST (TIPO,CONCEITO, DESCRICAO, VALOR) VALUES (	'FAMD2_INFRA_02',6,'5','5'	)
INSERT INTO LY_CONCEITOS_QUEST (TIPO,CONCEITO, DESCRICAO, VALOR) VALUES (	'FAMD2_INFRA_02',7,'6','6'	)
INSERT INTO LY_CONCEITOS_QUEST (TIPO,CONCEITO, DESCRICAO, VALOR) VALUES (	'FAMD2_INFRA_02',8,'7','7'	)
INSERT INTO LY_CONCEITOS_QUEST (TIPO,CONCEITO, DESCRICAO, VALOR) VALUES (	'FAMD2_INFRA_02',9,'8','8'	)
INSERT INTO LY_CONCEITOS_QUEST (TIPO,CONCEITO, DESCRICAO, VALOR) VALUES (	'FAMD2_INFRA_02',10,'9','9'	)
INSERT INTO LY_CONCEITOS_QUEST (TIPO,CONCEITO, DESCRICAO, VALOR) VALUES (	'FAMD2_INFRA_02',11,'10','10'	)
INSERT INTO LY_CONCEITOS_QUEST (TIPO,CONCEITO, DESCRICAO, VALOR) VALUES (	'FAMD2_INFRA_03',1,'0','0'	)
INSERT INTO LY_CONCEITOS_QUEST (TIPO,CONCEITO, DESCRICAO, VALOR) VALUES (	'FAMD2_INFRA_03',2,'1','1'	)
INSERT INTO LY_CONCEITOS_QUEST (TIPO,CONCEITO, DESCRICAO, VALOR) VALUES (	'FAMD2_INFRA_03',3,'2','2'	)
INSERT INTO LY_CONCEITOS_QUEST (TIPO,CONCEITO, DESCRICAO, VALOR) VALUES (	'FAMD2_INFRA_03',4,'3','3'	)
INSERT INTO LY_CONCEITOS_QUEST (TIPO,CONCEITO, DESCRICAO, VALOR) VALUES (	'FAMD2_INFRA_03',5,'4','4'	)
INSERT INTO LY_CONCEITOS_QUEST (TIPO,CONCEITO, DESCRICAO, VALOR) VALUES (	'FAMD2_INFRA_03',6,'5','5'	)
INSERT INTO LY_CONCEITOS_QUEST (TIPO,CONCEITO, DESCRICAO, VALOR) VALUES (	'FAMD2_INFRA_03',7,'6','6'	)
INSERT INTO LY_CONCEITOS_QUEST (TIPO,CONCEITO, DESCRICAO, VALOR) VALUES (	'FAMD2_INFRA_03',8,'7','7'	)
INSERT INTO LY_CONCEITOS_QUEST (TIPO,CONCEITO, DESCRICAO, VALOR) VALUES (	'FAMD2_INFRA_03',9,'8','8'	)
INSERT INTO LY_CONCEITOS_QUEST (TIPO,CONCEITO, DESCRICAO, VALOR) VALUES (	'FAMD2_INFRA_03',10,'9','9'	)
INSERT INTO LY_CONCEITOS_QUEST (TIPO,CONCEITO, DESCRICAO, VALOR) VALUES (	'FAMD2_INFRA_03',11,'10','10'	)



INSERT INTO LY_ASPECTO (TIPO_OBJETO, ASPECTO, DESCRICAO) VALUES(	'CURSO','INFRAESTRUTURA','AFIRMATIVAS SOBRE A INFRA-ESTRUTURA'	)
INSERT INTO LY_ASPECTO (TIPO_OBJETO, ASPECTO, DESCRICAO) VALUES(	'DISCIPLINA','DISCIPLINA','AFIRMATIVAS SOBRE A DISCIPLINA'	)
INSERT INTO LY_ASPECTO (TIPO_OBJETO, ASPECTO, DESCRICAO) VALUES(	'DOCENTE','DOCENTE','AFIRMATIVAS SOBRE O DOCENTE'	)


INSERT INTO LY_QUESTIONARIO (TIPO_QUESTIONARIO,QUESTIONARIO,DESCRICAO) VALUES(	'FORM_AVAL_DISCIPLINA','Aval_Disciplina_Mod1','Avaliação de Disciplina Modelo 1'	)
INSERT INTO LY_QUESTIONARIO (TIPO_QUESTIONARIO,QUESTIONARIO,DESCRICAO) VALUES(	'FORM_AVAL_DOCENTE','Aval_Docente_Mod1','Avaliação de Docente Modelo 1'	)
INSERT INTO LY_QUESTIONARIO (TIPO_QUESTIONARIO,QUESTIONARIO,DESCRICAO) VALUES(	'FORM_AVAL_DIS_2018','Aval_Disciplina_Mod2','Avaliação de Disciplina Modelo 2'	)
INSERT INTO LY_QUESTIONARIO (TIPO_QUESTIONARIO,QUESTIONARIO,DESCRICAO) VALUES(	'FORM_AVAL_DOC_2018','Aval_Docente_Mod2','Avaliação de Docente Modelo 2'	)
INSERT INTO LY_QUESTIONARIO (TIPO_QUESTIONARIO,QUESTIONARIO,DESCRICAO) VALUES(	'FORM_AVAL_INFRA_2018','Aval_Infra_Mod2','Avaliação de Infra-estrutura Modelo 2'	)



INSERT INTO LY_QUESTAO (TIPO_QUESTIONARIO,QUESTIONARIO,QUESTAO,TIPO,TIPO_OBJETO,ASPECTO,QUESTAO_OBJETIVA,QUESTAO_SUBJETIVA,OBRIGATORIA,ORDEM)VALUES(	'FORM_AVAL_DISCIPLINA','Aval_Disciplina_Mod1',1,'FAMD1_DISC_01','DISCIPLINA','DISCIPLINA','O conteúdo do programa é adequado.',NULL,'N',1	)
INSERT INTO LY_QUESTAO (TIPO_QUESTIONARIO,QUESTIONARIO,QUESTAO,TIPO,TIPO_OBJETO,ASPECTO,QUESTAO_OBJETIVA,QUESTAO_SUBJETIVA,OBRIGATORIA,ORDEM)VALUES(	'FORM_AVAL_DISCIPLINA','Aval_Disciplina_Mod1',2,'FAMD1_DISC_02','DISCIPLINA','DISCIPLINA','Houve bom balanceamento entre teoria e prática.',NULL,'N',2	)
INSERT INTO LY_QUESTAO (TIPO_QUESTIONARIO,QUESTIONARIO,QUESTAO,TIPO,TIPO_OBJETO,ASPECTO,QUESTAO_OBJETIVA,QUESTAO_SUBJETIVA,OBRIGATORIA,ORDEM)VALUES(	'FORM_AVAL_DISCIPLINA','Aval_Disciplina_Mod1',3,'FAMD1_DISC_03','DISCIPLINA','DISCIPLINA','O tempo disponível foi suficiente para atender aos objetivos e ao conteúdo do programa.',NULL,'N',3	)
INSERT INTO LY_QUESTAO (TIPO_QUESTIONARIO,QUESTIONARIO,QUESTAO,TIPO,TIPO_OBJETO,ASPECTO,QUESTAO_OBJETIVA,QUESTAO_SUBJETIVA,OBRIGATORIA,ORDEM)VALUES(	'FORM_AVAL_DISCIPLINA','Aval_Disciplina_Mod1',4,'FAMD1_DISC_04','DISCIPLINA','DISCIPLINA','O material de leitura e a bibliografia são adequados.',NULL,'N',4	)
INSERT INTO LY_QUESTAO (TIPO_QUESTIONARIO,QUESTIONARIO,QUESTAO,TIPO,TIPO_OBJETO,ASPECTO,QUESTAO_OBJETIVA,QUESTAO_SUBJETIVA,OBRIGATORIA,ORDEM)VALUES(	'FORM_AVAL_DISCIPLINA','Aval_Disciplina_Mod1',5,'FAMD1_DISC_05','DISCIPLINA','DISCIPLINA','Os exercícios e trabalhos são adequados.',NULL,'N',5	)
INSERT INTO LY_QUESTAO (TIPO_QUESTIONARIO,QUESTIONARIO,QUESTAO,TIPO,TIPO_OBJETO,ASPECTO,QUESTAO_OBJETIVA,QUESTAO_SUBJETIVA,OBRIGATORIA,ORDEM)VALUES(	'FORM_AVAL_DISCIPLINA','Aval_Disciplina_Mod1',6,'FAMD1_DISC_06','DISCIPLINA','DISCIPLINA','Novos conhecimentos foram adquiridos durante as sessões.',NULL,'N',6	)
INSERT INTO LY_QUESTAO (TIPO_QUESTIONARIO,QUESTIONARIO,QUESTAO,TIPO,TIPO_OBJETO,ASPECTO,QUESTAO_OBJETIVA,QUESTAO_SUBJETIVA,OBRIGATORIA,ORDEM)VALUES(	'FORM_AVAL_DISCIPLINA','Aval_Disciplina_Mod1',7,'FAMD1_DISC_07','DISCIPLINA','DISCIPLINA','Os conhecimentos adquiridos poderão ser aplicados.',NULL,'N',7	)
INSERT INTO LY_QUESTAO (TIPO_QUESTIONARIO,QUESTIONARIO,QUESTAO,TIPO,TIPO_OBJETO,ASPECTO,QUESTAO_OBJETIVA,QUESTAO_SUBJETIVA,OBRIGATORIA,ORDEM)VALUES(	'FORM_AVAL_DISCIPLINA','Aval_Disciplina_Mod1',8,'FAMD1_Comentarios','DISCIPLINA','DISCIPLINA',NULL,'Se desejar fazer comentários, preencha o campo abaixo:','N',8	)
INSERT INTO LY_QUESTAO (TIPO_QUESTIONARIO,QUESTIONARIO,QUESTAO,TIPO,TIPO_OBJETO,ASPECTO,QUESTAO_OBJETIVA,QUESTAO_SUBJETIVA,OBRIGATORIA,ORDEM)VALUES(	'FORM_AVAL_DOCENTE','Aval_Docente_Mod1',1,'FAMD1_DOC_01','DOCENTE','DOCENTE','Demonstrou ter preparado e organizado as sessões.',NULL,'N',1	)
INSERT INTO LY_QUESTAO (TIPO_QUESTIONARIO,QUESTIONARIO,QUESTAO,TIPO,TIPO_OBJETO,ASPECTO,QUESTAO_OBJETIVA,QUESTAO_SUBJETIVA,OBRIGATORIA,ORDEM)VALUES(	'FORM_AVAL_DOCENTE','Aval_Docente_Mod1',2,'FAMD1_DOC_02','DOCENTE','DOCENTE','Demonstrou ter conhecimento dos assuntos tratados.',NULL,'N',2	)
INSERT INTO LY_QUESTAO (TIPO_QUESTIONARIO,QUESTIONARIO,QUESTAO,TIPO,TIPO_OBJETO,ASPECTO,QUESTAO_OBJETIVA,QUESTAO_SUBJETIVA,OBRIGATORIA,ORDEM)VALUES(	'FORM_AVAL_DOCENTE','Aval_Docente_Mod1',3,'FAMD1_DOC_03','DOCENTE','DOCENTE','Utilizou métodos didáticos adequados.',NULL,'N',3	)
INSERT INTO LY_QUESTAO (TIPO_QUESTIONARIO,QUESTIONARIO,QUESTAO,TIPO,TIPO_OBJETO,ASPECTO,QUESTAO_OBJETIVA,QUESTAO_SUBJETIVA,OBRIGATORIA,ORDEM)VALUES(	'FORM_AVAL_DOCENTE','Aval_Docente_Mod1',4,'FAMD1_DOC_04','DOCENTE','DOCENTE','Preocupou-se, na medida do possível, em mostrar as aplicações práticas dos assuntos tratados.',NULL,'N',4	)
INSERT INTO LY_QUESTAO (TIPO_QUESTIONARIO,QUESTIONARIO,QUESTAO,TIPO,TIPO_OBJETO,ASPECTO,QUESTAO_OBJETIVA,QUESTAO_SUBJETIVA,OBRIGATORIA,ORDEM)VALUES(	'FORM_AVAL_DOCENTE','Aval_Docente_Mod1',5,'FAMD1_DOC_05','DOCENTE','DOCENTE','Tem grande facilidade de comunicação, sendo objetivo.',NULL,'N',5	)
INSERT INTO LY_QUESTAO (TIPO_QUESTIONARIO,QUESTIONARIO,QUESTAO,TIPO,TIPO_OBJETO,ASPECTO,QUESTAO_OBJETIVA,QUESTAO_SUBJETIVA,OBRIGATORIA,ORDEM)VALUES(	'FORM_AVAL_DOCENTE','Aval_Docente_Mod1',6,'FAMD1_DOC_06','DOCENTE','DOCENTE','Motivou e permitiu a participação e o esclarecimento de dúvidas.',NULL,'N',6	)
INSERT INTO LY_QUESTAO (TIPO_QUESTIONARIO,QUESTIONARIO,QUESTAO,TIPO,TIPO_OBJETO,ASPECTO,QUESTAO_OBJETIVA,QUESTAO_SUBJETIVA,OBRIGATORIA,ORDEM)VALUES(	'FORM_AVAL_DOCENTE','Aval_Docente_Mod1',7,'FAMD1_DOC_07','DOCENTE','DOCENTE','Interessou-se em saber se os participantes estavam assimilando os assuntos tratados.',NULL,'N',7	)
INSERT INTO LY_QUESTAO (TIPO_QUESTIONARIO,QUESTIONARIO,QUESTAO,TIPO,TIPO_OBJETO,ASPECTO,QUESTAO_OBJETIVA,QUESTAO_SUBJETIVA,OBRIGATORIA,ORDEM)VALUES(	'FORM_AVAL_DOCENTE','Aval_Docente_Mod1',8,'FAMD1_DOC_08','DOCENTE','DOCENTE','Cumpriu os horários previstos.',NULL,'N',8	)
INSERT INTO LY_QUESTAO (TIPO_QUESTIONARIO,QUESTIONARIO,QUESTAO,TIPO,TIPO_OBJETO,ASPECTO,QUESTAO_OBJETIVA,QUESTAO_SUBJETIVA,OBRIGATORIA,ORDEM)VALUES(	'FORM_AVAL_DOCENTE','Aval_Docente_Mod1',9,'FAMD1_Comentarios','DOCENTE','DOCENTE',NULL,'Se desejar fazer comentários, preencha o campo abaixo:','N',9	)

INSERT INTO LY_QUESTAO (TIPO_QUESTIONARIO,QUESTIONARIO,QUESTAO,TIPO,TIPO_OBJETO,ASPECTO,QUESTAO_OBJETIVA,QUESTAO_SUBJETIVA,OBRIGATORIA,ORDEM)VALUES(	'FORM_AVAL_DIS_2018','Aval_Disciplina_Mod2',1,'FAMD2_DISC_01','DISCIPLINA','DISCIPLINA','Os temas foram abordados de maneira clara e organizada? (0 = Péssimo e 10 = Excelente)',NULL,'N',1	)
INSERT INTO LY_QUESTAO (TIPO_QUESTIONARIO,QUESTIONARIO,QUESTAO,TIPO,TIPO_OBJETO,ASPECTO,QUESTAO_OBJETIVA,QUESTAO_SUBJETIVA,OBRIGATORIA,ORDEM)VALUES(	'FORM_AVAL_DIS_2018','Aval_Disciplina_Mod2',2,'FAMD2_DISC_02','DISCIPLINA','DISCIPLINA','O material apresentado auxiliou no processo de aprendizagem? (0 = Péssimo e 10 = Excelente)',NULL,'N',2	)
INSERT INTO LY_QUESTAO (TIPO_QUESTIONARIO,QUESTIONARIO,QUESTAO,TIPO,TIPO_OBJETO,ASPECTO,QUESTAO_OBJETIVA,QUESTAO_SUBJETIVA,OBRIGATORIA,ORDEM)VALUES(	'FORM_AVAL_DIS_2018','Aval_Disciplina_Mod2',3,'FAMD2_DISC_03','DISCIPLINA','DISCIPLINA','O programa da disciplina foi cumprido adequadamente? (0 = Péssimo e 10 = Excelente)',NULL,'N',3	)
INSERT INTO LY_QUESTAO (TIPO_QUESTIONARIO,QUESTIONARIO,QUESTAO,TIPO,TIPO_OBJETO,ASPECTO,QUESTAO_OBJETIVA,QUESTAO_SUBJETIVA,OBRIGATORIA,ORDEM)VALUES(	'FORM_AVAL_DIS_2018','Aval_Disciplina_Mod2',4,'FAMD2_Comentarios','DISCIPLINA','DISCIPLINA',NULL,'Sua contribuição é muito importante. O que você sugere para melhoria desse processo?','N',4	)
INSERT INTO LY_QUESTAO (TIPO_QUESTIONARIO,QUESTIONARIO,QUESTAO,TIPO,TIPO_OBJETO,ASPECTO,QUESTAO_OBJETIVA,QUESTAO_SUBJETIVA,OBRIGATORIA,ORDEM)VALUES(	'FORM_AVAL_DOC_2018','Aval_Docente_Mod2',1,'FAMD2_DOC_01','DOCENTE','DOCENTE','O professor demonstrou domínio do tema Apresentado? (0 = Péssimo e 10 = Excelente)',NULL,'N',1	)
INSERT INTO LY_QUESTAO (TIPO_QUESTIONARIO,QUESTIONARIO,QUESTAO,TIPO,TIPO_OBJETO,ASPECTO,QUESTAO_OBJETIVA,QUESTAO_SUBJETIVA,OBRIGATORIA,ORDEM)VALUES(	'FORM_AVAL_DOC_2018','Aval_Docente_Mod2',2,'FAMD2_DOC_02','DOCENTE','DOCENTE','O professor interagiu com a turma de maneira adequada? (0 = Péssimo e 10 = Excelente)',NULL,'N',2	)
INSERT INTO LY_QUESTAO (TIPO_QUESTIONARIO,QUESTIONARIO,QUESTAO,TIPO,TIPO_OBJETO,ASPECTO,QUESTAO_OBJETIVA,QUESTAO_SUBJETIVA,OBRIGATORIA,ORDEM)VALUES(	'FORM_AVAL_DOC_2018','Aval_Docente_Mod2',3,'FAMD2_DOC_03','DOCENTE','DOCENTE','Houve articulação entre teoria e prática? (0 = Péssimo e 10 = Excelente)',NULL,'N',3	)
INSERT INTO LY_QUESTAO (TIPO_QUESTIONARIO,QUESTIONARIO,QUESTAO,TIPO,TIPO_OBJETO,ASPECTO,QUESTAO_OBJETIVA,QUESTAO_SUBJETIVA,OBRIGATORIA,ORDEM)VALUES(	'FORM_AVAL_DOC_2018','Aval_Docente_Mod2',4,'FAMD2_Comentarios','DOCENTE','DOCENTE',NULL,'Sua contribuição é muito importante. O que você sugere para melhoria desse processo?','N',4	)
INSERT INTO LY_QUESTAO (TIPO_QUESTIONARIO,QUESTIONARIO,QUESTAO,TIPO,TIPO_OBJETO,ASPECTO,QUESTAO_OBJETIVA,QUESTAO_SUBJETIVA,OBRIGATORIA,ORDEM)VALUES(	'FORM_AVAL_INFRA_2018','Aval_Infra_Mod2',1,'FAMD2_INFRA_01','CURSO','INFRAESTRUTURA','Os equipamentos da sala atenderam às necessidades das aulas? (0 = Péssimo e 10 = Excelente)',NULL,'N',1	)
INSERT INTO LY_QUESTAO (TIPO_QUESTIONARIO,QUESTIONARIO,QUESTAO,TIPO,TIPO_OBJETO,ASPECTO,QUESTAO_OBJETIVA,QUESTAO_SUBJETIVA,OBRIGATORIA,ORDEM)VALUES(	'FORM_AVAL_INFRA_2018','Aval_Infra_Mod2',2,'FAMD2_INFRA_02','CURSO','INFRAESTRUTURA','As condições ambientais foram adequadas às atividades desempenhadas? (0 = Péssimo e 10 = Excelente)',NULL,'N',2	)
INSERT INTO LY_QUESTAO (TIPO_QUESTIONARIO,QUESTIONARIO,QUESTAO,TIPO,TIPO_OBJETO,ASPECTO,QUESTAO_OBJETIVA,QUESTAO_SUBJETIVA,OBRIGATORIA,ORDEM)VALUES(	'FORM_AVAL_INFRA_2018','Aval_Infra_Mod2',3,'FAMD2_INFRA_03','CURSO','INFRAESTRUTURA','O controle administrativo-operacional atendeu às expectativas?(0 = Péssimo e 10 = Excelente)',NULL,'N',3	)
INSERT INTO LY_QUESTAO (TIPO_QUESTIONARIO,QUESTIONARIO,QUESTAO,TIPO,TIPO_OBJETO,ASPECTO,QUESTAO_OBJETIVA,QUESTAO_SUBJETIVA,OBRIGATORIA,ORDEM)VALUES(	'FORM_AVAL_INFRA_2018','Aval_Infra_Mod2',4,'FAMD2_Comentarios','CURSO','INFRAESTRUTURA',NULL,'Sua contribuição é muito importante. O que você sugere para melhoria desse processo?','N',4	)

